{
  "study": "03_precision_envelope",
  "sigma_star_deg": 0.5,
  "n_trials": 10000,
  "D_observed": 0.00044059643934306233,
  "percentile": 0.8,
  "envelope": {
    "median": 0.07182555735811605,
    "p5": 0.0031302707600749722,
    "p95": 0.3584098400211472,
    "p1": 0.0005443061298780537,
    "p99": 0.5696206707453987
  }
}